house_id,listed_date,price,area,bedrooms,bathrooms,stories,mainroad,guestroom,basement,hotwaterheating,airconditioning,parking,prefarea,furnishingstatus,location
H0001,2025-07-05,7470000,7134,2,2,1,no,no,no,no,no,2,no,furnished,??
H0002,2025-09-25,5181000,3551,4,1,1,no,yes,no,no,yes,0,yes,unfurnished,???
H0003,2025-01-12,5012000,2584,5,1,4,yes,yes,no,yes,yes,0,yes,furnished,??
H0004,2025-05-25,4054000,2997,2,2,2,no,no,yes,yes,no,0,no,semi-furnished,???
H0005,2025-06-07,8513000,7817,4,1,1,no,no,no,yes,yes,1,no,semi-furnished,???
H0006,2025-03-14,3328000,1445,3,3,1,no,yes,yes,no,no,2,yes,semi-furnished,??
H0007,2025-08-22,8656000,7326,3,2,3,yes,no,yes,yes,no,1,no,unfurnished,??
H0008,2025-11-08,3791000,5508,1,1,3,yes,yes,yes,no,no,0,no,unfurnished,??
H0009,2025-11-18,6864000,6754,4,2,2,no,no,no,no,yes,0,no,furnished,???
H0010,2025-12-05,7219000,8740,3,1,3,yes,yes,no,yes,no,1,yes,unfurnished,???
H0011,2025-06-29,5749000,3421,3,4,2,yes,yes,yes,no,yes,0,no,furnished,???
H0012,2025-05-18,7274000,4987,5,3,1,yes,yes,yes,yes,no,1,yes,unfurnished,???
H0013,2025-08-27,5172000,4802,3,1,2,no,yes,yes,no,yes,1,no,semi-furnished,???
H0014,2025-05-26,8353000,6216,3,2,1,no,yes,no,no,yes,2,no,furnished,???
H0015,2025-03-14,5415000,5109,3,1,2,no,yes,yes,no,no,1,no,semi-furnished,??
H0016,2025-07-02,3899000,3047,4,2,3,no,yes,yes,no,yes,2,no,semi-furnished,???
H0017,2025-11-08,4070000,2912,3,2,2,no,no,yes,no,yes,1,no,semi-furnished,???
H0018,2025-03-11,7065000,6064,5,2,3,no,yes,yes,no,yes,2,no,unfurnished,???
H0019,2025-01-31,9147000,7898,1,2,2,no,yes,no,no,yes,1,no,unfurnished,???
H0020,2025-10-04,9021000,8132,2,4,2,yes,yes,yes,yes,yes,0,yes,unfurnished,??
H0021,2025-11-20,5326000,4261,5,1,1,no,no,no,yes,no,1,yes,furnished,??
H0022,2025-11-07,6533000,5796,2,2,2,yes,yes,no,no,no,1,no,semi-furnished,???
H0023,2025-01-24,8033000,8908,4,2,2,yes,no,yes,yes,yes,0,no,semi-furnished,??
H0024,2025-07-18,9356000,8014,3,1,2,yes,yes,no,no,no,1,no,furnished,???
H0025,2026-03-27,6013000,6192,5,2,2,yes,yes,no,yes,no,1,no,semi-furnished,???
H0026,2025-03-18,4849000,4003,3,3,3,yes,no,yes,yes,no,0,yes,unfurnished,???
H0027,2026-03-26,3735000,1874,4,2,2,yes,no,no,no,no,1,yes,unfurnished,??
H0028,2025-02-28,8841000,7394,4,1,1,yes,no,no,yes,no,2,yes,semi-furnished,???
H0029,2026-04-05,6485000,5808,3,1,3,yes,no,no,yes,no,2,yes,unfurnished,???
H0030,2026-04-30,7261000,8381,4,3,2,no,yes,yes,no,no,0,yes,furnished,??
H0031,2025-10-11,5598000,6885,1,1,1,yes,no,no,no,no,2,no,furnished,???
H0032,2026-01-21,6113000,4858,2,1,1,no,yes,yes,no,yes,1,yes,unfurnished,???
H0033,2026-03-09,8381000,8457,3,3,3,no,no,yes,no,yes,0,no,unfurnished,???
H0034,2025-11-02,4922000,5208,1,1,2,no,no,no,no,no,1,no,semi-furnished,???
H0035,2026-04-16,4141000,2404,4,2,3,no,yes,yes,no,no,1,yes,furnished,??
H0036,2025-02-26,9689000,8185,6,1,2,yes,yes,no,yes,no,0,no,furnished,???
H0037,2025-07-04,4494000,3834,3,2,3,no,yes,no,yes,no,1,yes,unfurnished,??
H0038,2025-05-30,6936000,8435,4,1,2,no,no,no,yes,no,1,yes,unfurnished,??
H0039,2025-01-24,4160000,2405,3,2,1,yes,yes,yes,yes,yes,1,no,furnished,???
H0040,2026-05-21,9534000,6984,2,4,3,no,yes,yes,no,yes,1,yes,furnished,???
H0041,2025-11-24,7699000,7239,3,2,1,no,yes,no,no,yes,1,yes,semi-furnished,???
H0042,2025-12-19,3981000,1982,5,1,3,yes,yes,no,no,no,2,no,furnished,???
H0043,2026-05-29,8464000,8925,2,2,3,yes,yes,no,no,no,1,yes,furnished,???
H0044,2025-12-09,5683000,3679,5,2,2,yes,yes,no,yes,no,1,yes,semi-furnished,???
H0045,2025-03-31,4675000,2575,4,2,2,yes,yes,no,yes,yes,1,no,semi-furnished,???
H0046,2025-03-07,3748000,3972,2,1,2,no,no,no,yes,no,0,yes,furnished,??
H0047,2026-01-15,3247000,1755,3,1,1,yes,yes,yes,yes,no,0,yes,furnished,???
H0048,2025-07-09,8471000,6264,3,2,4,no,yes,no,yes,yes,2,yes,unfurnished,??
H0049,2026-01-19,5550000,6017,1,2,3,yes,no,no,no,no,0,no,unfurnished,??
H0050,2025-11-05,8008000,7985,2,1,1,no,yes,yes,yes,no,0,yes,semi-furnished,??
H0051,2025-10-11,7566000,7927,1,2,2,yes,no,no,no,no,0,no,semi-furnished,???
H0052,2025-11-20,9780000,8160,5,2,4,no,no,yes,yes,yes,0,no,furnished,???
H0053,2025-02-09,4085000,2753,3,1,3,yes,yes,no,no,yes,1,no,furnished,??
H0054,2025-11-22,4748000,3410,2,2,3,yes,yes,yes,yes,no,0,no,furnished,??
H0055,2025-04-04,2606000,1066,4,2,2,yes,no,yes,yes,no,2,no,semi-furnished,??
H0056,2025-10-09,3926000,3161,4,1,3,no,yes,no,no,no,0,no,unfurnished,???
H0057,2025-09-26,9122000,7699,3,2,2,yes,no,yes,yes,yes,2,no,furnished,??
H0058,2025-06-14,5085000,5485,3,2,3,no,yes,no,no,yes,0,yes,unfurnished,???
H0059,2025-07-08,5310000,2812,4,3,2,yes,yes,no,yes,yes,1,yes,furnished,???
H0060,2025-02-18,5043000,4452,4,2,1,yes,no,no,no,yes,0,yes,unfurnished,???
H0061,2025-02-08,7310000,8964,6,1,2,yes,yes,yes,yes,no,1,yes,semi-furnished,???
H0062,2026-04-19,3639000,2504,5,2,2,no,no,yes,yes,yes,0,no,unfurnished,???
H0063,2026-05-15,3805000,3390,2,2,1,yes,yes,no,yes,yes,0,no,furnished,??
H0064,2025-10-04,9537000,8976,2,1,3,no,no,no,no,no,1,no,furnished,???
H0065,2025-08-16,4617000,2802,5,3,1,no,yes,no,no,yes,0,no,semi-furnished,???
H0066,2025-12-13,7388000,6048,6,4,2,yes,no,yes,yes,no,0,yes,furnished,??
H0067,2025-08-15,4228000,3039,3,3,1,no,no,yes,no,no,1,yes,semi-furnished,???
H0068,2025-05-23,5886000,7330,1,2,3,no,no,yes,yes,yes,1,no,unfurnished,???
H0069,2025-09-15,7614000,7247,4,1,2,no,no,yes,yes,yes,0,yes,furnished,??
H0070,2026-05-01,3364000,2775,4,1,2,no,yes,no,yes,no,1,yes,unfurnished,???
H0071,2025-12-25,2179000,1027,3,1,1,no,no,no,no,no,2,yes,unfurnished,??
H0072,2025-11-09,7670000,6615,5,3,1,no,yes,yes,yes,no,2,yes,furnished,??
H0073,2026-05-03,8553000,7551,4,3,4,yes,yes,no,no,yes,1,no,unfurnished,???
H0074,2025-09-26,3573000,3002,2,2,1,no,yes,yes,no,no,2,yes,unfurnished,???
H0075,2026-03-16,6464000,7614,4,3,2,yes,yes,no,yes,yes,0,no,semi-furnished,??
H0076,2026-06-04,4034000,1982,3,3,2,no,yes,yes,no,no,1,no,semi-furnished,???
H0077,2025-02-07,6077000,6405,3,2,2,yes,yes,no,yes,yes,1,no,semi-furnished,??
H0078,2026-02-15,4354000,1886,3,1,4,yes,yes,yes,yes,no,1,yes,unfurnished,???
H0079,2025-01-09,7050000,7553,4,1,3,yes,no,yes,no,yes,1,no,furnished,??
H0080,2025-09-17,8682000,7994,4,3,2,no,no,no,yes,no,3,yes,semi-furnished,??
H0081,2026-05-09,5304000,4500,4,2,1,no,no,no,no,no,0,no,furnished,???
H0082,2025-03-04,9094000,8893,5,3,1,yes,yes,yes,no,no,1,yes,semi-furnished,???
H0083,2025-02-08,3426000,3243,2,1,1,yes,no,yes,no,no,0,no,unfurnished,???
H0084,2025-04-25,3427000,3329,2,1,1,yes,yes,no,yes,no,0,no,unfurnished,???
H0085,2025-04-08,8780000,6473,5,3,2,yes,yes,yes,no,yes,0,yes,furnished,???
H0086,2025-04-10,5681000,6498,3,1,4,yes,no,no,no,yes,0,no,semi-furnished,???
H0087,2026-04-14,7855000,8807,3,2,2,yes,yes,yes,yes,yes,2,yes,unfurnished,??
H0088,2026-01-19,5998000,4074,2,1,1,no,no,no,no,no,1,yes,furnished,??
H0089,2026-04-04,4574000,2884,3,1,2,no,yes,yes,yes,yes,3,yes,semi-furnished,???
H0090,2025-10-01,4112000,2230,5,2,3,yes,no,yes,no,yes,1,no,unfurnished,??
H0091,2026-01-03,6152000,3857,2,2,3,yes,no,yes,yes,no,2,yes,furnished,???
H0092,2025-04-10,8507000,7099,6,4,2,no,no,yes,no,no,1,yes,furnished,???
H0093,2025-11-21,3714000,1670,4,1,3,no,no,no,yes,yes,1,no,unfurnished,???
H0094,2025-08-09,4808000,4338,5,4,2,no,no,no,no,no,0,no,unfurnished,???
H0095,2025-03-07,4189000,4336,3,2,1,no,no,no,yes,yes,0,no,unfurnished,??
H0096,2025-10-02,8267000,8730,5,1,1,yes,yes,yes,yes,no,0,yes,furnished,???
H0097,2026-04-18,4334000,3954,3,2,3,no,no,yes,no,yes,1,no,semi-furnished,???
H0098,2025-02-16,5905000,6679,1,2,3,yes,yes,no,no,no,1,yes,furnished,??
H0099,2025-04-13,5552000,6896,4,2,3,yes,yes,yes,no,yes,0,yes,unfurnished,???
H0100,2026-05-21,3358000,1384,3,1,4,yes,yes,no,yes,no,3,no,unfurnished,???
H0101,2025-05-08,3983000,1312,4,3,4,no,yes,yes,no,yes,1,yes,unfurnished,???
H0102,2026-02-08,4471000,2672,2,3,1,no,no,no,no,yes,1,yes,furnished,???
H0103,2025-12-06,8777000,8382,5,2,3,no,no,no,no,no,1,no,semi-furnished,???
H0104,2026-04-03,1798000,1162,1,1,1,no,yes,no,yes,yes,2,no,unfurnished,???
H0105,2025-07-16,3866000,2707,3,2,1,no,no,no,no,yes,1,no,semi-furnished,??
H0106,2026-03-30,5624000,4772,5,3,2,no,no,yes,no,yes,1,no,furnished,???
H0107,2025-12-13,6588000,6607,3,1,1,yes,yes,no,yes,yes,0,yes,semi-furnished,???
H0108,2025-01-24,8134000,8878,1,1,2,yes,no,yes,yes,yes,1,no,semi-furnished,???
H0109,2025-08-05,7222000,5993,3,1,2,no,no,yes,yes,yes,1,no,semi-furnished,???
H0110,2025-08-25,3213000,1061,4,2,2,no,no,yes,yes,no,1,yes,unfurnished,??
H0111,2026-05-14,6580000,6376,5,1,1,no,no,no,no,yes,2,yes,furnished,??
H0112,2025-12-24,8239000,6579,3,3,4,no,yes,yes,yes,no,1,yes,unfurnished,??
H0113,2026-01-05,2521000,1235,3,1,2,yes,yes,yes,yes,yes,1,no,unfurnished,??
H0114,2025-05-18,4451000,3074,2,2,4,yes,no,yes,yes,yes,1,no,furnished,??
H0115,2025-02-01,7854000,6938,6,1,2,yes,yes,yes,no,yes,0,yes,unfurnished,??
H0116,2025-08-10,4488000,2517,3,2,3,yes,no,yes,no,yes,1,no,semi-furnished,???
H0117,2026-02-22,4904000,3700,3,1,1,yes,yes,no,no,no,1,no,unfurnished,??
H0118,2025-05-17,2183000,1766,3,2,1,yes,no,yes,no,no,0,yes,unfurnished,??
H0119,2025-09-24,6487000,6828,1,3,2,yes,yes,no,no,no,0,no,furnished,???
H0120,2025-03-31,8733000,6679,4,2,3,no,no,no,no,no,2,yes,unfurnished,???
H0121,2025-11-22,2803000,1722,4,2,1,no,yes,yes,yes,no,1,no,semi-furnished,??
H0122,2026-02-01,6397000,6135,6,1,2,yes,no,no,no,no,2,yes,semi-furnished,???
H0123,2026-04-15,6546000,3959,3,1,4,no,yes,yes,no,yes,2,yes,semi-furnished,???
H0124,2026-05-10,8390000,7260,3,4,2,yes,yes,yes,no,no,2,yes,furnished,??
H0125,2025-06-20,9287000,7434,3,3,2,no,no,yes,yes,yes,2,no,furnished,???
H0126,2025-09-14,6803000,7369,4,3,2,no,yes,no,yes,no,2,no,semi-furnished,??
H0127,2025-05-17,8132000,7116,6,2,1,no,yes,yes,no,no,0,no,furnished,??
H0128,2025-02-02,5314000,3506,4,1,1,yes,no,yes,no,yes,3,yes,unfurnished,??
H0129,2026-01-08,2749000,2415,2,2,2,no,no,no,yes,no,0,no,unfurnished,??
H0130,2025-06-25,9334000,8862,3,1,2,yes,no,yes,yes,no,0,no,semi-furnished,??
H0131,2025-03-05,9234000,7517,4,2,3,no,no,no,no,no,1,yes,semi-furnished,??
H0132,2025-05-30,5902000,5551,3,2,1,no,no,yes,yes,no,2,no,furnished,??
H0133,2025-04-06,6945000,4841,3,4,2,yes,yes,yes,no,yes,0,yes,semi-furnished,???
H0134,2025-09-22,3745000,2094,4,2,1,no,yes,no,yes,no,0,yes,furnished,??
H0135,2025-04-25,4473000,2386,4,1,1,yes,yes,yes,no,yes,1,no,semi-furnished,??
H0136,2025-03-23,7359000,6990,3,2,1,no,no,no,no,yes,0,yes,unfurnished,??
H0137,2025-12-21,7182000,7914,3,2,3,no,yes,no,no,no,1,yes,unfurnished,??
H0138,2026-04-11,5704000,4340,3,2,2,yes,yes,no,no,yes,1,no,unfurnished,???
H0139,2025-06-02,5510000,4476,4,1,3,yes,no,no,no,no,0,no,unfurnished,???
H0140,2025-02-07,6140000,5561,3,1,1,yes,no,no,no,no,1,no,unfurnished,???
H0141,2025-10-28,4518000,2228,2,2,3,yes,yes,no,yes,yes,2,yes,furnished,??
H0142,2026-04-15,5977000,6760,2,1,1,yes,yes,yes,no,yes,1,yes,semi-furnished,???
H0143,2026-03-27,4532000,3032,4,1,2,yes,no,yes,yes,yes,1,yes,unfurnished,???
H0144,2026-01-16,5964000,6536,3,2,1,no,no,yes,no,yes,1,yes,unfurnished,???
H0145,2025-08-13,3001000,1927,4,2,2,no,yes,yes,no,no,0,no,semi-furnished,???
H0146,2025-07-08,6395000,4583,5,1,3,no,no,yes,yes,no,0,yes,semi-furnished,???
H0147,2025-03-25,3163000,2144,3,2,3,yes,yes,yes,no,yes,1,no,unfurnished,???
H0148,2025-03-12,4920000,3919,6,1,2,yes,yes,yes,no,yes,1,yes,semi-furnished,???
H0149,2025-06-03,4963000,4593,3,3,2,no,yes,no,yes,yes,1,no,furnished,???
H0150,2025-08-22,3366000,2849,3,2,1,no,no,yes,yes,no,0,no,unfurnished,???
H0151,2025-11-30,7245000,7734,3,1,2,yes,yes,yes,yes,no,0,no,unfurnished,??
H0152,2025-05-25,3678000,1966,3,4,1,no,yes,no,no,yes,2,no,semi-furnished,???
H0153,2025-03-03,6230000,5939,5,1,2,no,no,yes,yes,no,0,yes,furnished,???
H0154,2025-05-05,4617000,2376,4,2,4,yes,no,no,yes,yes,0,yes,furnished,???
H0155,2025-07-24,6442000,4534,2,2,2,yes,yes,yes,yes,yes,1,yes,semi-furnished,??
H0156,2025-06-22,4089000,2589,4,1,3,no,yes,no,yes,no,1,yes,unfurnished,???
H0157,2025-05-04,5966000,4171,2,1,2,yes,yes,yes,yes,no,1,yes,semi-furnished,???
H0158,2025-05-05,7110000,8585,3,1,3,yes,yes,yes,no,yes,0,yes,unfurnished,???
H0159,2026-05-01,3063000,1388,2,1,3,no,yes,no,yes,yes,0,yes,unfurnished,??
H0160,2026-03-06,8695000,7204,3,2,1,yes,yes,yes,no,yes,0,yes,semi-furnished,??
H0161,2025-09-10,7391000,8065,3,1,1,yes,yes,yes,no,no,2,yes,unfurnished,???
H0162,2025-09-13,8548000,8361,3,2,1,no,yes,no,no,no,1,yes,unfurnished,???
H0163,2025-10-07,6805000,6565,1,1,4,yes,yes,no,no,yes,1,no,semi-furnished,??
H0164,2025-08-10,2125000,990,3,3,2,yes,yes,no,yes,no,0,no,unfurnished,???
H0165,2025-06-21,5557000,4860,3,1,2,no,yes,no,yes,yes,0,yes,unfurnished,???
H0166,2025-12-02,3760000,2740,3,1,4,no,yes,yes,yes,yes,0,yes,unfurnished,???
H0167,2025-07-24,3534000,1071,4,3,3,yes,no,yes,yes,yes,0,yes,unfurnished,??
H0168,2025-08-29,6190000,5148,4,1,2,yes,yes,no,yes,yes,1,yes,furnished,???
H0169,2026-05-09,6253000,6213,4,1,2,yes,yes,no,yes,no,2,no,furnished,???
H0170,2025-06-23,7215000,7345,4,2,1,no,yes,yes,yes,yes,0,no,semi-furnished,??
H0171,2026-02-17,6836000,8613,6,3,1,no,no,no,no,no,0,no,semi-furnished,??
H0172,2025-01-20,6712000,6483,6,1,1,no,yes,no,yes,no,3,yes,furnished,??
H0173,2025-06-06,2863000,943,4,2,2,no,no,no,no,no,1,yes,semi-furnished,??
H0174,2026-06-04,7528000,8887,5,2,2,no,yes,no,yes,no,0,no,semi-furnished,???
H0175,2026-05-14,5576000,5523,2,2,1,no,no,yes,yes,no,1,no,semi-furnished,???
H0176,2025-05-21,3668000,1995,3,1,1,yes,no,yes,yes,yes,2,yes,semi-furnished,???
H0177,2025-02-14,5951000,6110,3,4,3,no,yes,no,no,no,0,no,semi-furnished,??
H0178,2025-03-24,9724000,8229,1,1,4,no,yes,yes,no,yes,0,yes,furnished,???
H0179,2025-12-11,4400000,3438,4,1,2,no,yes,yes,yes,yes,1,no,unfurnished,??
H0180,2025-02-17,4385000,1714,2,2,2,yes,no,no,yes,yes,0,yes,furnished,???
H0181,2026-05-02,5289000,4401,4,1,2,yes,no,yes,no,no,2,no,furnished,??
H0182,2025-07-20,3792000,3096,1,3,2,yes,no,no,yes,no,1,no,furnished,???
H0183,2026-02-17,3138000,982,2,1,3,no,yes,yes,no,yes,0,no,semi-furnished,??
H0184,2025-01-26,5772000,3655,4,1,2,no,no,no,no,no,3,no,unfurnished,??
H0185,2025-09-13,4738000,2982,3,2,3,yes,yes,yes,yes,yes,0,yes,furnished,???
H0186,2025-06-07,3322000,2563,3,2,1,yes,no,yes,yes,no,0,yes,unfurnished,???
H0187,2025-08-22,7907000,7888,4,1,1,yes,yes,yes,no,yes,0,yes,unfurnished,???
H0188,2026-01-18,3601000,1910,6,2,1,yes,yes,no,no,yes,0,no,unfurnished,???
H0189,2025-02-23,7535000,6184,2,2,1,no,yes,no,no,no,1,yes,semi-furnished,???
H0190,2025-01-24,2979000,1047,3,1,3,yes,no,no,no,yes,1,yes,unfurnished,???
H0191,2025-05-04,5169000,3890,5,1,2,yes,yes,no,no,yes,0,no,unfurnished,??
H0192,2026-05-18,9078000,8700,3,1,3,yes,yes,no,yes,no,0,no,furnished,???
H0193,2025-05-16,3101000,1687,3,2,3,yes,yes,no,no,no,1,no,semi-furnished,???
H0194,2026-03-15,5081000,5050,6,1,2,no,yes,no,no,yes,0,no,unfurnished,???
H0195,2025-11-28,2737000,1517,2,4,1,no,no,no,yes,yes,1,no,unfurnished,???
H0196,2025-10-01,5269000,3430,1,2,3,yes,yes,yes,yes,no,2,no,semi-furnished,??
H0197,2025-07-06,6865000,6386,4,1,4,yes,yes,no,yes,yes,1,yes,furnished,??
H0198,2025-02-18,6317000,6013,5,1,1,yes,no,no,no,yes,1,yes,unfurnished,???
H0199,2025-07-24,2991000,1417,4,1,3,no,no,no,no,yes,1,no,furnished,??
H0200,2025-05-13,4262000,3901,5,1,2,yes,no,no,no,no,2,no,unfurnished,??
H0201,2026-03-02,6247000,4688,3,2,2,no,yes,no,yes,yes,0,no,furnished,??
H0202,2026-02-26,6791000,4800,3,3,3,yes,yes,yes,yes,no,2,no,unfurnished,??
H0203,2025-03-28,3673000,1691,6,2,2,no,no,no,yes,yes,0,yes,furnished,???
H0204,2025-02-12,7266000,8089,1,1,4,yes,yes,yes,yes,no,1,no,unfurnished,??
H0205,2025-06-07,5114000,4899,3,1,2,no,no,yes,no,yes,1,no,semi-furnished,??
H0206,2025-06-10,7101000,5547,6,4,1,yes,yes,yes,no,no,2,no,furnished,??
H0207,2025-08-22,7605000,5264,3,2,3,yes,no,no,no,no,3,yes,semi-furnished,???
H0208,2025-10-02,6985000,7569,5,2,2,no,yes,yes,no,yes,2,no,semi-furnished,???
H0209,2026-03-07,9215000,8930,5,2,1,no,no,no,no,no,1,no,unfurnished,??
H0210,2025-02-21,8094000,8568,4,2,3,no,no,yes,no,yes,1,yes,unfurnished,??
H0211,2025-11-22,2678000,997,5,1,2,no,no,yes,yes,no,1,yes,unfurnished,???
H0212,2026-03-28,5496000,5051,3,2,3,yes,yes,no,yes,no,1,no,unfurnished,??
H0213,2025-05-08,7085000,5503,3,3,2,no,yes,yes,no,no,2,no,furnished,???
H0214,2025-09-30,5906000,4569,3,3,3,no,yes,no,yes,yes,1,no,unfurnished,???
H0215,2026-04-30,9601000,8643,3,1,2,yes,no,yes,no,no,3,no,unfurnished,???
H0216,2025-10-21,4269000,1722,3,2,1,yes,yes,no,no,yes,0,no,furnished,???
H0217,2025-06-13,10290000,8180,3,2,1,no,yes,yes,no,yes,0,yes,furnished,??
H0218,2025-11-05,4952000,3711,4,2,2,no,no,no,yes,no,0,no,semi-furnished,???
H0219,2025-04-30,6565000,4726,3,1,1,no,no,no,yes,no,2,no,furnished,???
H0220,2026-03-02,3211000,1582,3,2,2,yes,yes,yes,no,no,2,no,semi-furnished,???
H0221,2026-04-17,4174000,3763,3,1,2,yes,yes,no,yes,yes,1,yes,unfurnished,???
H0222,2025-07-04,8310000,7439,4,2,2,yes,yes,no,no,yes,0,yes,semi-furnished,???
H0223,2026-03-02,3744000,1305,4,2,2,yes,no,no,no,yes,1,yes,furnished,??
H0224,2025-04-28,2811000,1909,3,1,2,no,yes,no,no,no,1,yes,unfurnished,??
H0225,2025-06-27,6448000,8692,2,1,1,no,no,no,no,no,0,yes,furnished,???
H0226,2025-05-01,2884000,1011,3,2,1,yes,no,no,yes,yes,1,no,furnished,???
H0227,2026-04-05,7132000,8034,2,2,4,no,yes,yes,no,yes,1,yes,semi-furnished,???
H0228,2026-03-16,4224000,2782,5,1,1,yes,yes,no,no,yes,1,no,semi-furnished,??
H0229,2026-02-22,5506000,6439,3,1,2,yes,no,yes,no,no,1,no,unfurnished,???
H0230,2025-06-08,6581000,8977,4,1,1,no,yes,yes,no,yes,1,no,unfurnished,???
H0231,2025-07-05,6825000,7151,2,1,3,no,yes,yes,no,yes,1,no,semi-furnished,??
H0232,2025-08-01,4213000,2128,4,3,4,no,no,yes,yes,no,1,no,furnished,???
H0233,2025-11-01,3818000,2731,2,2,1,yes,yes,yes,no,yes,0,no,semi-furnished,???
H0234,2025-05-25,2906000,1361,6,1,3,yes,yes,yes,yes,no,2,yes,unfurnished,???
H0235,2026-03-29,7447000,6342,5,3,3,no,yes,yes,yes,no,1,no,furnished,??
H0236,2026-02-18,2657000,1421,3,2,1,yes,yes,yes,no,yes,1,no,unfurnished,??
H0237,2025-01-28,8901000,7876,4,2,2,no,yes,yes,yes,yes,2,yes,semi-furnished,???
H0238,2026-04-17,7358000,8110,5,1,4,no,no,yes,no,yes,0,yes,unfurnished,??
H0239,2025-02-26,4335000,2738,4,1,2,no,yes,yes,no,no,0,yes,unfurnished,???
H0240,2025-09-01,2502000,1817,2,2,1,no,yes,no,no,yes,2,no,unfurnished,??
H0241,2025-02-21,6663000,7331,3,3,4,yes,no,yes,no,no,0,no,semi-furnished,???
H0242,2025-10-05,2929000,1321,1,1,2,no,no,no,no,yes,2,yes,semi-furnished,??
H0243,2025-10-21,7902000,8681,4,2,1,yes,no,no,yes,yes,0,no,semi-furnished,???
H0244,2025-10-24,5461000,3755,4,2,1,yes,yes,yes,yes,yes,0,no,unfurnished,??
H0245,2026-05-11,5745000,4605,2,2,4,yes,no,no,yes,yes,3,yes,unfurnished,???
H0246,2025-12-16,8918000,8892,3,2,1,yes,no,yes,no,yes,0,yes,furnished,???
H0247,2026-03-23,5861000,4296,5,2,3,yes,no,no,no,no,1,yes,furnished,???
H0248,2025-10-25,7073000,8277,3,1,1,yes,no,no,yes,yes,1,no,furnished,???
H0249,2025-01-28,4844000,6509,1,1,4,no,no,no,no,no,2,no,unfurnished,???
H0250,2025-11-21,4454000,3322,4,2,2,yes,yes,no,yes,no,2,no,furnished,???
H0251,2025-11-04,9599000,7799,5,2,2,yes,yes,no,no,no,3,yes,semi-furnished,??
H0252,2025-05-15,4953000,3505,3,2,1,yes,no,yes,yes,no,0,yes,semi-furnished,???
H0253,2025-03-13,6934000,4858,6,3,2,no,no,no,yes,no,2,yes,semi-furnished,??
H0254,2025-09-12,4009000,3464,3,1,2,yes,no,yes,yes,yes,0,no,unfurnished,??
H0255,2025-07-17,5441000,5433,3,1,2,yes,no,no,yes,no,0,no,furnished,??
H0256,2025-09-12,6627000,4516,5,2,4,no,no,no,yes,yes,1,no,furnished,???
H0257,2026-05-16,7955000,7466,4,2,1,yes,no,yes,no,no,0,yes,furnished,??
H0258,2025-04-04,5328000,4123,5,3,1,no,yes,yes,yes,no,3,yes,unfurnished,??
H0259,2025-11-05,3305000,1822,2,2,3,no,no,yes,no,no,1,yes,unfurnished,??
H0260,2025-02-09,8702000,8705,2,2,1,no,no,no,no,no,1,yes,unfurnished,???
H0261,2025-08-13,5924000,7793,3,1,2,yes,no,yes,no,yes,0,no,unfurnished,???
H0262,2025-10-04,4828000,2639,2,2,2,no,no,no,no,yes,3,yes,furnished,???
H0263,2025-12-04,9541000,8327,6,1,2,yes,yes,no,no,no,1,no,unfurnished,???
H0264,2026-04-20,8407000,7929,4,1,3,no,yes,yes,no,no,2,no,furnished,???
H0265,2026-03-30,2747000,1697,2,1,2,no,no,no,no,no,0,yes,furnished,??
H0266,2026-01-12,7089000,5825,3,1,2,no,no,no,no,no,0,yes,unfurnished,??
H0267,2025-04-30,5075000,4934,4,1,3,yes,no,yes,no,yes,2,yes,semi-furnished,???
H0268,2026-01-08,5878000,4269,5,1,1,no,no,no,yes,yes,1,no,furnished,???
H0269,2025-11-13,5385000,4377,4,1,4,yes,yes,no,no,yes,1,yes,furnished,???
H0270,2025-01-22,3986000,1735,2,3,2,no,no,no,no,yes,0,yes,semi-furnished,???
H0271,2025-11-09,3894000,3253,3,2,2,yes,no,no,yes,no,2,no,semi-furnished,???
H0272,2026-05-09,4031000,2287,3,2,3,no,yes,yes,no,yes,1,yes,unfurnished,???
H0273,2026-02-02,8659000,7548,2,1,1,no,no,no,yes,no,1,yes,semi-furnished,???
H0274,2025-01-28,3011000,1148,3,1,3,yes,no,yes,yes,no,1,yes,furnished,??
H0275,2025-10-29,9844000,8005,4,4,3,no,yes,yes,yes,yes,0,no,unfurnished,???
H0276,2025-01-19,2850000,968,4,1,3,yes,yes,no,no,no,1,yes,semi-furnished,???
H0277,2025-02-10,11434000,8780,3,2,3,yes,yes,yes,no,yes,1,yes,furnished,??
H0278,2026-01-13,6827000,4532,4,1,3,yes,yes,no,yes,no,2,yes,furnished,???
H0279,2025-09-21,5781000,3629,3,3,2,yes,no,no,yes,yes,0,yes,unfurnished,???
H0280,2025-10-19,2594000,1063,3,2,2,no,no,no,no,yes,0,no,unfurnished,???
H0281,2025-03-30,7642000,6684,6,1,1,no,yes,no,no,yes,2,no,furnished,??
H0282,2026-01-11,4418000,2174,3,3,3,no,yes,no,no,yes,3,no,furnished,??
H0283,2025-02-25,4862000,4605,2,1,3,no,yes,no,yes,yes,2,yes,unfurnished,??
H0284,2025-12-19,3351000,2145,3,2,4,yes,no,no,yes,yes,1,no,unfurnished,??
H0285,2025-04-19,3474000,1176,3,2,2,no,yes,no,no,yes,0,yes,semi-furnished,??
H0286,2025-10-22,10319000,8997,3,3,3,no,no,no,no,no,2,yes,unfurnished,??
H0287,2025-07-21,6152000,5537,3,2,1,yes,yes,no,no,yes,2,yes,semi-furnished,???
H0288,2025-08-25,5916000,4518,6,2,2,no,yes,yes,no,no,0,yes,semi-furnished,??
H0289,2026-03-27,4424000,3053,3,2,3,yes,yes,yes,no,yes,1,yes,semi-furnished,???
H0290,2025-03-06,4461000,1672,6,3,2,yes,no,no,yes,no,1,yes,furnished,???
H0291,2025-04-23,4277000,3615,1,2,2,yes,no,no,no,yes,0,yes,unfurnished,??
H0292,2026-02-22,4078000,2959,3,1,2,yes,yes,no,yes,yes,1,no,furnished,??
H0293,2025-07-22,7356000,5631,4,1,2,no,no,yes,yes,no,3,yes,furnished,???
H0294,2025-01-30,4818000,3746,4,1,1,no,yes,yes,yes,no,2,no,furnished,??
H0295,2025-04-13,9966000,8215,5,2,2,yes,yes,no,yes,yes,1,yes,furnished,???
H0296,2025-09-04,4530000,4452,2,2,3,yes,no,no,no,no,2,yes,furnished,??
H0297,2025-02-19,4321000,3959,2,2,3,no,yes,yes,yes,yes,1,no,furnished,??
H0298,2025-11-09,6097000,4834,3,1,1,no,yes,no,no,yes,0,yes,semi-furnished,???
H0299,2025-02-13,6101000,6110,2,1,4,no,no,no,no,yes,2,no,unfurnished,???
H0300,2025-12-26,5230000,3913,4,2,1,no,yes,no,no,no,0,no,semi-furnished,???
H0301,2025-09-25,8166000,6558,3,1,2,no,yes,no,no,no,2,yes,unfurnished,???
H0302,2025-10-27,7077000,6534,2,2,2,no,no,yes,no,yes,0,yes,semi-furnished,???
H0303,2025-11-06,6970000,6726,1,1,2,no,no,yes,yes,yes,2,no,unfurnished,???
H0304,2025-07-02,5932000,4664,1,2,3,yes,yes,yes,yes,no,0,no,semi-furnished,???
H0305,2025-02-03,5229000,5614,3,1,1,no,yes,yes,yes,no,1,yes,semi-furnished,??
H0306,2025-08-05,7122000,6570,3,2,3,no,yes,yes,yes,yes,0,yes,unfurnished,??
H0307,2025-12-19,6250000,5291,3,4,2,no,no,no,no,yes,0,yes,semi-furnished,??
H0308,2025-07-17,5396000,3238,3,2,4,yes,no,no,yes,yes,0,yes,unfurnished,???
H0309,2026-03-26,7773000,6420,4,1,1,yes,yes,yes,no,yes,1,no,semi-furnished,???
H0310,2026-04-04,3179000,925,4,1,2,yes,no,yes,no,no,1,yes,furnished,???
H0311,2025-05-29,4819000,5374,3,2,2,yes,yes,yes,yes,no,1,yes,unfurnished,???
H0312,2025-06-22,5296000,4408,2,3,2,no,yes,yes,no,yes,0,yes,semi-furnished,???
H0313,2026-01-23,3172000,1085,3,2,1,yes,yes,yes,yes,no,1,yes,semi-furnished,??
H0314,2025-10-20,4426000,3302,2,1,3,yes,no,no,no,no,1,no,furnished,???
H0315,2025-01-26,5859000,5290,3,1,2,yes,no,no,yes,yes,0,yes,semi-furnished,???
H0316,2025-02-05,4542000,2095,5,3,1,no,yes,no,no,no,2,yes,furnished,???
H0317,2026-02-15,6463000,4522,4,2,2,no,no,no,no,no,2,yes,furnished,???
H0318,2026-04-26,8939000,7158,4,2,2,no,no,no,yes,no,1,yes,unfurnished,???
H0319,2026-05-18,9374000,7767,4,3,2,no,no,yes,no,yes,1,yes,unfurnished,???
H0320,2025-09-01,3398000,2902,3,2,1,yes,no,no,yes,yes,0,no,unfurnished,???
H0321,2026-02-15,5493000,4719,4,3,3,yes,no,no,yes,no,0,no,furnished,???
H0322,2026-03-20,5861000,4451,4,1,3,no,yes,yes,yes,no,1,no,semi-furnished,??
H0323,2025-07-16,3538000,1904,5,2,2,yes,no,no,no,yes,0,no,semi-furnished,???
H0324,2025-09-20,8469000,7044,3,4,2,no,yes,no,yes,yes,1,no,furnished,??
H0325,2026-01-16,2454000,929,3,1,1,no,yes,no,no,yes,0,yes,unfurnished,???
H0326,2025-04-18,4256000,2192,2,2,3,yes,no,yes,no,yes,1,yes,furnished,??
H0327,2026-01-12,6190000,5373,4,2,2,no,yes,no,yes,no,2,yes,unfurnished,??
H0328,2025-12-01,3386000,2019,3,1,2,yes,yes,yes,no,yes,1,yes,unfurnished,??
H0329,2025-06-19,7181000,5763,3,1,1,no,no,yes,no,yes,1,no,furnished,???
H0330,2025-09-17,7773000,7526,3,3,1,no,yes,no,yes,no,2,yes,furnished,??
H0331,2026-05-27,6702000,5417,3,4,1,yes,no,no,yes,no,1,yes,semi-furnished,??
H0332,2026-05-26,5902000,5776,3,3,2,no,yes,yes,no,yes,0,no,unfurnished,??
H0333,2025-05-29,8924000,8513,6,2,3,yes,no,no,yes,no,0,no,furnished,??
H0334,2026-02-14,4043000,4026,4,1,2,yes,yes,yes,yes,yes,2,no,furnished,??
H0335,2025-06-20,9962000,8506,5,3,3,yes,yes,no,yes,yes,1,no,unfurnished,???
H0336,2025-01-29,4575000,2425,5,4,1,no,yes,no,no,no,1,yes,semi-furnished,???
H0337,2026-05-06,4282000,3042,4,1,3,yes,no,no,yes,yes,2,no,unfurnished,??
H0338,2025-04-28,9549000,7425,2,2,1,yes,yes,no,yes,no,3,yes,semi-furnished,???
H0339,2026-05-01,6097000,6065,3,2,1,no,no,yes,yes,no,0,yes,semi-furnished,???
H0340,2025-10-01,10052000,8260,4,4,1,no,yes,no,no,no,1,yes,furnished,??
H0341,2025-11-02,7485000,5412,5,2,4,yes,no,no,no,no,1,yes,furnished,???
H0342,2025-05-13,6461000,7644,3,2,2,yes,yes,no,yes,yes,2,no,semi-furnished,???
H0343,2025-03-01,3455000,1138,2,2,1,yes,no,yes,no,yes,2,yes,unfurnished,???
H0344,2025-11-13,3516000,1548,2,2,1,no,no,no,yes,no,0,yes,furnished,???
H0345,2025-02-20,7005000,5398,5,2,3,yes,no,yes,yes,no,0,yes,furnished,??
H0346,2025-06-17,5593000,3816,5,1,4,no,yes,no,no,yes,1,no,semi-furnished,???
H0347,2026-01-31,4971000,2887,3,2,3,no,no,yes,no,yes,2,yes,unfurnished,??
H0348,2025-12-31,2877000,2163,3,2,1,no,yes,yes,no,yes,0,no,semi-furnished,???
H0349,2025-07-06,4910000,5229,4,2,3,no,no,yes,yes,yes,1,no,unfurnished,???
H0350,2025-09-24,2499000,957,2,2,2,no,no,yes,yes,yes,1,no,unfurnished,??
H0351,2026-01-10,4055000,3156,3,1,2,yes,yes,no,no,no,0,no,furnished,???
H0352,2025-11-04,10173000,8902,4,2,2,yes,no,yes,no,no,2,yes,semi-furnished,???
H0353,2026-02-23,6027000,3786,3,1,2,no,yes,yes,yes,yes,1,yes,furnished,??
H0354,2026-01-13,4401000,2009,3,1,2,no,no,yes,yes,yes,2,yes,furnished,???
H0355,2025-01-27,5522000,4532,4,4,2,yes,yes,yes,yes,yes,1,yes,semi-furnished,???
H0356,2026-04-13,3587000,1668,3,1,1,yes,no,no,no,yes,2,yes,semi-furnished,???
H0357,2025-10-30,4011000,1486,5,3,3,yes,no,yes,no,yes,1,yes,unfurnished,???
H0358,2026-03-21,3726000,1997,3,1,2,no,no,yes,yes,yes,0,no,semi-furnished,???
H0359,2025-10-15,10215000,8536,3,2,3,no,no,no,yes,yes,0,no,furnished,???
H0360,2025-08-04,5047000,4456,2,1,1,yes,yes,yes,yes,yes,1,yes,unfurnished,???
H0361,2025-05-19,6341000,7613,3,3,2,yes,yes,yes,no,no,3,no,unfurnished,???
H0362,2025-10-14,7048000,7504,4,2,1,yes,no,yes,no,yes,0,yes,unfurnished,??
H0363,2025-04-01,3972000,1818,3,2,1,no,no,no,yes,yes,2,yes,semi-furnished,??
H0364,2026-03-22,9515000,8844,2,2,2,no,no,no,yes,no,1,no,unfurnished,??
H0365,2026-01-15,8479000,8494,4,2,2,no,no,yes,no,no,0,yes,unfurnished,???
H0366,2025-05-18,4833000,4765,3,2,2,yes,yes,yes,yes,no,0,yes,furnished,???
H0367,2025-03-31,6299000,5822,3,1,1,yes,no,yes,yes,no,0,no,semi-furnished,??
H0368,2025-09-01,8463000,7765,6,3,1,no,yes,no,yes,yes,1,no,furnished,???
H0369,2025-04-09,6572000,3482,5,2,3,yes,no,no,yes,yes,1,no,furnished,??
H0370,2025-04-04,3692000,3168,4,3,2,yes,no,no,no,no,0,no,furnished,??
H0371,2025-04-28,8081000,6885,5,1,1,yes,yes,yes,no,no,2,yes,semi-furnished,??
H0372,2026-05-17,7585000,5448,4,2,3,no,yes,no,yes,yes,2,yes,furnished,???
H0373,2025-01-24,4153000,3392,4,2,2,no,no,no,yes,no,1,yes,unfurnished,???
H0374,2026-05-19,6799000,5345,3,1,3,no,no,no,yes,yes,0,no,unfurnished,???
H0375,2025-11-23,4345000,2551,3,3,3,no,yes,yes,yes,yes,1,no,unfurnished,???
H0376,2026-05-11,8358000,7264,2,1,1,yes,yes,yes,no,yes,1,yes,semi-furnished,???
H0377,2025-09-15,6412000,5207,4,2,2,no,yes,yes,no,no,0,yes,semi-furnished,???
H0378,2025-12-01,7323000,7286,3,2,2,yes,no,yes,no,yes,0,no,unfurnished,???
H0379,2025-06-26,4271000,2511,3,1,4,yes,no,yes,no,no,1,yes,unfurnished,???
H0380,2026-05-30,6379000,4253,4,2,3,no,no,yes,no,no,2,yes,unfurnished,???
H0381,2025-07-04,10057000,7644,4,4,4,no,yes,no,yes,yes,1,yes,semi-furnished,???
H0382,2025-01-21,4636000,4315,4,2,2,no,no,yes,yes,yes,1,yes,unfurnished,???
H0383,2025-07-28,3317000,1391,3,2,3,no,no,no,no,yes,3,no,furnished,???
H0384,2025-10-14,3756000,2656,3,2,3,no,yes,no,yes,no,1,no,unfurnished,??
H0385,2025-01-31,4819000,3669,3,2,3,yes,yes,yes,no,yes,0,yes,semi-furnished,??
H0386,2025-03-06,5567000,5293,3,1,2,no,yes,yes,yes,no,0,no,furnished,???
H0387,2025-07-29,4078000,3537,3,1,3,yes,yes,yes,yes,yes,1,no,unfurnished,??
H0388,2025-12-19,5115000,5355,1,1,1,yes,yes,yes,yes,no,2,no,semi-furnished,???
H0389,2025-04-09,7678000,8045,6,1,1,yes,yes,no,yes,yes,2,yes,furnished,??
H0390,2025-02-25,4780000,4863,3,1,3,yes,no,yes,no,yes,0,yes,semi-furnished,???
H0391,2025-09-01,9390000,7565,3,2,3,no,yes,no,yes,no,1,yes,furnished,???
H0392,2025-02-04,3609000,3490,3,1,1,yes,no,yes,yes,yes,1,no,furnished,??
H0393,2026-01-13,3059000,2557,2,2,3,no,yes,yes,yes,no,0,no,unfurnished,??
H0394,2026-04-10,7145000,8553,5,1,2,no,yes,no,yes,yes,1,yes,semi-furnished,??
H0395,2025-04-23,4791000,2821,4,1,1,no,yes,no,yes,yes,2,no,unfurnished,??
H0396,2025-07-14,6583000,5147,3,1,1,yes,no,no,yes,yes,2,no,furnished,???
H0397,2025-07-20,5438000,4779,4,2,1,no,no,yes,no,yes,2,no,semi-furnished,???
H0398,2026-04-24,9840000,8174,4,1,2,yes,no,yes,no,no,0,yes,unfurnished,??
H0399,2025-08-13,5190000,3195,3,3,1,no,no,no,yes,no,2,yes,unfurnished,???
H0400,2025-06-25,9847000,8691,3,2,1,no,no,no,yes,yes,1,no,furnished,??
H0401,2025-08-09,9265000,8982,3,1,1,no,no,no,yes,no,1,no,semi-furnished,??
H0402,2025-05-31,6768000,5675,3,2,2,yes,yes,no,yes,no,0,yes,semi-furnished,???
H0403,2025-11-02,4133000,3358,3,2,2,yes,no,yes,no,yes,2,no,unfurnished,??
H0404,2025-06-01,8196000,8881,5,2,3,yes,no,yes,no,no,1,no,furnished,??
H0405,2025-11-30,6400000,5656,3,2,2,yes,no,yes,yes,yes,0,yes,semi-furnished,???
H0406,2026-06-05,3999000,2763,2,2,2,yes,yes,no,no,yes,2,no,furnished,??
H0407,2025-01-14,3563000,1531,4,4,1,no,no,yes,no,no,0,yes,unfurnished,???
H0408,2026-04-09,5536000,3246,3,2,2,no,no,no,no,yes,0,yes,semi-furnished,???
H0409,2025-05-05,2344000,1139,4,2,2,no,yes,no,yes,no,0,no,unfurnished,??
H0410,2026-04-22,5013000,3070,5,1,2,no,no,yes,yes,yes,2,no,furnished,???
H0411,2025-09-08,5545000,4642,2,1,1,yes,yes,yes,yes,no,2,yes,furnished,??
H0412,2025-11-15,1563000,907,3,1,2,no,no,no,no,no,0,no,unfurnished,???
H0413,2025-08-15,6551000,6481,3,1,3,no,yes,yes,no,yes,0,no,furnished,??
H0414,2025-04-01,5303000,3936,3,2,3,yes,yes,no,yes,yes,0,yes,semi-furnished,???
H0415,2025-05-20,8612000,7730,4,2,2,yes,no,no,no,no,0,yes,unfurnished,???
H0416,2026-03-07,3072000,1604,4,3,3,yes,yes,yes,yes,yes,2,yes,unfurnished,???
H0417,2025-06-14,5853000,6037,1,4,2,yes,yes,no,yes,no,1,no,unfurnished,???
H0418,2026-02-02,5413000,6018,3,2,2,no,no,yes,yes,yes,1,no,semi-furnished,??
H0419,2025-09-03,5633000,4336,1,2,1,yes,yes,yes,no,yes,0,no,furnished,??
H0420,2025-09-16,4713000,2743,4,1,3,no,no,no,yes,no,1,yes,furnished,???
H0421,2025-02-18,4452000,4331,2,2,3,yes,yes,no,yes,no,0,no,semi-furnished,???
H0422,2026-01-01,6996000,7412,2,1,1,yes,yes,no,yes,no,0,yes,furnished,???
H0423,2025-07-23,4029000,1251,6,1,1,yes,no,yes,yes,yes,0,yes,furnished,???
H0424,2025-05-20,7258000,6593,3,3,1,yes,no,yes,yes,no,1,yes,furnished,???
H0425,2025-01-04,4353000,1599,4,2,2,yes,no,no,yes,no,1,yes,semi-furnished,??
H0426,2026-01-12,2640000,2245,2,2,1,no,yes,yes,yes,no,0,no,unfurnished,???
H0427,2025-12-28,4923000,4370,6,1,1,no,yes,yes,no,no,0,yes,semi-furnished,???
H0428,2026-05-22,5614000,4410,4,1,2,no,yes,no,no,yes,0,no,semi-furnished,??
H0429,2025-10-05,3849000,2978,3,1,1,no,no,no,no,no,1,yes,unfurnished,???
H0430,2025-05-01,3682000,1590,4,1,2,yes,no,yes,yes,yes,2,yes,furnished,??
H0431,2025-02-12,3404000,1764,5,1,2,yes,no,no,no,no,1,yes,furnished,???
H0432,2025-12-18,4329000,2069,4,2,3,no,no,yes,yes,yes,1,yes,furnished,???
H0433,2025-02-09,7000000,5787,2,1,4,yes,yes,yes,no,yes,0,no,furnished,???
H0434,2025-11-15,11337000,8990,4,3,2,yes,no,yes,yes,yes,2,no,furnished,??
H0435,2026-01-14,6598000,7795,2,2,2,no,no,no,no,no,0,no,semi-furnished,???
H0436,2025-02-02,2378000,1604,2,1,1,yes,yes,yes,yes,no,2,no,furnished,??
H0437,2025-02-05,3220000,1728,2,2,3,no,no,yes,no,no,1,no,furnished,??
H0438,2026-03-24,7976000,8841,3,3,2,no,yes,no,yes,no,1,yes,unfurnished,???
H0439,2025-04-12,7453000,8400,3,1,1,yes,no,no,yes,no,3,yes,unfurnished,???
H0440,2025-03-31,6114000,5303,3,1,1,no,no,no,yes,no,0,no,semi-furnished,??
H0441,2026-04-03,8895000,8494,3,1,3,yes,no,yes,yes,no,0,yes,furnished,???
H0442,2025-10-14,9220000,8391,3,2,2,no,yes,yes,yes,no,2,no,semi-furnished,???
H0443,2026-05-15,2991000,2034,3,1,1,yes,yes,yes,no,yes,1,yes,unfurnished,???
H0444,2025-11-27,5122000,2997,3,3,2,yes,yes,yes,no,yes,1,no,furnished,??
H0445,2025-03-09,8733000,7156,6,3,4,yes,no,yes,no,yes,1,no,semi-furnished,???
H0446,2026-02-16,7743000,8482,3,2,1,yes,no,no,no,yes,0,yes,unfurnished,???
H0447,2025-05-23,7168000,6013,5,2,1,no,yes,yes,no,yes,0,yes,unfurnished,??
H0448,2025-06-18,5537000,5767,5,2,1,yes,no,no,yes,yes,2,no,semi-furnished,???
H0449,2026-01-23,6845000,8178,4,1,3,yes,no,no,yes,no,0,yes,semi-furnished,???
H0450,2025-04-21,7762000,5385,5,2,3,yes,yes,yes,no,yes,2,yes,unfurnished,??
H0451,2025-02-02,4132000,2841,5,1,2,no,no,no,yes,no,1,yes,semi-furnished,??
H0452,2025-11-25,2659000,917,3,1,1,yes,yes,no,no,no,1,yes,unfurnished,???
H0453,2025-10-05,3856000,2434,3,1,2,yes,yes,no,yes,yes,0,yes,unfurnished,??
H0454,2025-12-13,8339000,8528,4,3,1,yes,no,no,no,yes,1,yes,furnished,??
H0455,2026-05-21,7888000,8350,4,1,4,no,no,yes,yes,no,2,no,furnished,??
H0456,2025-07-25,7138000,5718,4,2,2,no,no,no,no,no,3,no,semi-furnished,???
H0457,2025-09-12,5168000,2271,2,4,4,no,no,yes,yes,yes,2,yes,furnished,???
H0458,2025-09-21,1939000,1103,4,2,1,yes,no,no,yes,no,1,no,semi-furnished,??
H0459,2026-04-29,8015000,7966,3,2,3,yes,yes,no,yes,yes,1,no,furnished,??
H0460,2026-01-20,6315000,5102,4,1,1,yes,no,no,no,no,2,no,semi-furnished,??
H0461,2026-04-14,3933000,4201,3,2,2,yes,no,no,yes,yes,0,no,unfurnished,???
H0462,2025-02-22,5785000,4368,3,4,2,yes,no,yes,no,no,2,yes,unfurnished,???
H0463,2026-01-03,3881000,2116,2,1,3,no,yes,no,yes,yes,1,yes,unfurnished,???
H0464,2025-11-10,6419000,4134,3,3,3,no,yes,yes,yes,no,2,no,unfurnished,???
H0465,2025-01-22,5628000,4947,2,3,3,yes,no,yes,yes,no,3,no,semi-furnished,???
H0466,2026-03-13,7606000,6425,1,3,3,no,yes,no,no,yes,2,no,semi-furnished,??
H0467,2025-08-11,8210000,6868,2,1,1,yes,no,yes,no,yes,0,no,furnished,???
H0468,2025-08-22,4323000,4488,3,3,2,no,no,yes,no,no,1,no,unfurnished,??
H0469,2026-05-17,8653000,7533,5,2,2,yes,yes,no,no,yes,0,no,semi-furnished,??
H0470,2025-05-14,7391000,6032,4,1,1,yes,no,no,no,no,0,yes,furnished,???
H0471,2026-02-19,3458000,1019,4,2,2,no,yes,yes,no,no,0,yes,furnished,???
H0472,2026-06-01,6176000,7779,2,2,2,yes,yes,no,no,yes,1,no,semi-furnished,??
H0473,2026-05-14,6551000,5662,3,2,4,no,no,no,yes,no,0,yes,furnished,???
H0474,2025-09-17,5441000,3378,5,2,2,no,no,yes,no,no,2,no,furnished,??
H0475,2026-01-31,6074000,5801,2,2,2,yes,no,yes,no,yes,0,no,semi-furnished,???
H0476,2025-04-02,4870000,4913,3,2,2,no,yes,no,yes,no,1,no,unfurnished,??
H0477,2025-03-27,5049000,2484,4,2,3,yes,no,no,no,no,2,yes,unfurnished,???
H0478,2025-11-10,3433000,2291,4,2,3,yes,yes,no,yes,no,1,no,unfurnished,???
H0479,2025-11-24,3349000,2136,5,3,1,yes,no,no,yes,no,0,yes,semi-furnished,??
H0480,2025-01-06,3027000,2694,3,1,3,yes,yes,yes,no,yes,0,no,unfurnished,???
H0481,2026-03-12,4363000,3064,4,1,3,yes,no,no,no,no,2,no,unfurnished,???
H0482,2025-06-12,5312000,4773,4,1,1,yes,no,yes,no,no,1,no,semi-furnished,???
H0483,2025-01-06,3014000,1027,4,2,3,no,no,yes,no,yes,1,no,unfurnished,???
H0484,2026-05-11,4516000,3615,6,1,1,no,yes,no,yes,no,2,yes,furnished,???
H0485,2026-04-16,3402000,2134,4,2,1,yes,yes,yes,yes,no,1,no,furnished,??
H0486,2026-04-08,2189000,1413,3,1,1,yes,no,no,yes,yes,0,no,unfurnished,??
H0487,2026-03-26,8047000,7254,4,1,3,yes,yes,yes,yes,no,2,no,furnished,???
H0488,2026-01-09,6584000,7665,5,3,3,no,yes,yes,yes,no,0,no,semi-furnished,???
H0489,2026-02-04,4370000,3630,2,3,1,yes,yes,yes,yes,no,1,no,semi-furnished,???
H0490,2025-02-06,4322000,3131,4,3,3,yes,no,yes,no,no,1,no,semi-furnished,???
H0491,2025-12-01,5397000,4160,4,1,4,no,no,yes,yes,yes,0,yes,semi-furnished,???
H0492,2025-09-20,3388000,2100,4,1,1,no,no,yes,no,no,0,yes,semi-furnished,??
H0493,2026-05-25,5651000,3533,4,3,2,yes,yes,no,yes,yes,1,no,unfurnished,???
H0494,2025-01-19,7519000,5720,5,2,1,no,yes,no,yes,yes,1,yes,furnished,???
H0495,2026-06-03,3191000,957,3,2,4,yes,no,no,no,yes,1,no,unfurnished,??
H0496,2025-03-02,8823000,7460,4,4,1,no,no,yes,yes,yes,1,yes,semi-furnished,???
H0497,2026-05-05,6062000,4649,4,3,2,yes,no,yes,yes,no,2,yes,unfurnished,???
H0498,2026-02-08,7081000,6578,4,1,2,yes,yes,no,yes,no,1,yes,furnished,??
H0499,2026-05-17,5267000,3418,2,2,2,yes,yes,yes,no,yes,0,yes,semi-furnished,???
H0500,2026-05-26,4693000,2437,3,3,2,no,yes,no,yes,no,2,no,furnished,???
H0501,2025-02-27,4211000,1339,4,3,4,yes,yes,yes,yes,yes,2,no,semi-furnished,??
H0502,2026-04-30,6506000,5890,3,2,2,no,no,no,yes,yes,0,no,unfurnished,??
H0503,2026-01-14,4225000,2342,3,2,2,no,yes,yes,yes,yes,2,yes,unfurnished,??
H0504,2025-12-17,5269000,5094,3,2,1,yes,yes,no,no,no,3,no,unfurnished,???
H0505,2026-01-10,5086000,3339,5,4,1,no,yes,no,yes,no,0,yes,furnished,??
H0506,2025-09-06,4553000,2241,2,2,2,no,no,no,yes,yes,2,yes,furnished,???
H0507,2026-02-11,5531000,6095,6,1,2,no,no,yes,no,no,0,no,semi-furnished,???
H0508,2025-03-05,3874000,2256,3,1,1,yes,no,yes,no,yes,0,yes,furnished,???
H0509,2025-01-12,3211000,1206,3,2,2,yes,no,yes,no,no,1,yes,furnished,??
H0510,2026-04-23,5115000,4041,2,2,2,yes,yes,yes,no,yes,0,no,semi-furnished,??
H0511,2025-07-29,6889000,8494,3,2,1,yes,no,no,yes,no,0,yes,furnished,???
H0512,2025-02-23,2718000,2377,2,1,1,no,yes,no,no,no,1,no,semi-furnished,???
H0513,2026-04-25,2706000,1709,2,1,2,no,yes,no,no,yes,1,yes,unfurnished,???
H0514,2026-04-20,6014000,7815,3,1,1,no,yes,yes,yes,no,0,no,furnished,??
H0515,2025-12-14,7901000,6759,4,1,2,no,yes,no,yes,yes,2,no,furnished,???
H0516,2025-10-02,9172000,7147,6,1,1,no,no,no,yes,no,1,no,unfurnished,???
H0517,2026-01-30,5245000,5454,3,2,4,yes,yes,no,no,yes,1,no,unfurnished,??
H0518,2025-10-27,4537000,2073,4,1,3,yes,yes,yes,yes,no,1,yes,furnished,???
H0519,2025-06-20,4277000,2929,2,1,3,yes,no,yes,yes,no,2,yes,unfurnished,??
H0520,2025-11-06,3669000,1846,4,2,4,no,no,yes,yes,no,1,yes,unfurnished,???
H0521,2025-10-18,8343000,8876,6,1,1,yes,no,yes,yes,yes,1,yes,semi-furnished,??
H0522,2025-01-01,3510000,1985,5,1,4,yes,yes,yes,yes,no,1,yes,semi-furnished,??
H0523,2026-01-27,4562000,4423,1,1,2,no,yes,no,no,yes,2,no,semi-furnished,???
H0524,2025-12-27,8314000,7415,2,1,4,yes,no,yes,no,yes,2,no,furnished,???
H0525,2025-01-23,7325000,5395,3,1,3,no,no,yes,no,no,2,no,furnished,???
H0526,2025-11-20,7172000,7383,4,3,2,yes,yes,no,no,no,2,yes,unfurnished,???
H0527,2025-06-06,4101000,1839,2,2,2,no,no,no,yes,no,0,yes,furnished,???
H0528,2025-09-29,4289000,2542,3,3,1,yes,yes,no,no,no,1,yes,semi-furnished,???
H0529,2026-02-27,6942000,7616,6,1,2,yes,no,yes,yes,yes,1,yes,furnished,??
H0530,2025-07-16,6588000,5208,3,1,2,yes,yes,yes,no,yes,1,yes,unfurnished,??
H0531,2025-03-13,4033000,2879,2,3,2,yes,no,no,yes,no,1,no,semi-furnished,???
H0532,2025-02-24,5322000,5198,4,1,3,no,yes,yes,no,yes,1,no,unfurnished,???
H0533,2025-06-05,8538000,8563,3,2,2,no,yes,no,no,yes,0,no,unfurnished,???
H0534,2025-02-22,6619000,5387,2,4,3,no,yes,no,yes,yes,1,yes,furnished,???
H0535,2025-02-20,3723000,1431,2,1,4,no,no,no,yes,yes,2,yes,semi-furnished,???
H0536,2025-11-14,8320000,7148,4,2,2,yes,yes,yes,no,no,1,no,unfurnished,???
H0537,2025-02-07,5234000,3950,4,1,2,no,no,yes,yes,yes,1,yes,semi-furnished,???
H0538,2026-01-08,5790000,6479,3,1,1,yes,yes,yes,no,no,1,no,unfurnished,???
H0539,2025-11-23,4853000,3839,4,1,2,yes,yes,yes,no,yes,0,no,semi-furnished,??
H0540,2026-01-06,4370000,2364,3,3,3,yes,yes,no,no,no,1,yes,furnished,???
H0541,2025-05-27,7320000,6333,6,3,4,no,no,no,yes,no,2,yes,semi-furnished,??
H0542,2026-05-09,3841000,2845,3,3,2,no,no,yes,yes,yes,1,no,furnished,??
H0543,2025-03-20,7418000,6817,4,2,4,no,yes,yes,no,no,0,yes,unfurnished,??
H0544,2026-03-08,5910000,5644,4,2,1,no,yes,yes,no,yes,0,yes,furnished,???
H0545,2025-02-07,4555000,3250,2,2,3,no,yes,yes,yes,yes,2,no,furnished,???
